{"0,0": {"request_points": [24.223172, 119.409714], "extent": [22.82946008627573, 116.21976121997653, 26.961712113724268, 120.77533318002347]}}