{"0,0": {"request_points": [22, 113], "extent": [19.77962398627573, 109.75338275198892, 23.911876013724267, 114.20533384801108]}, "0,1": {"request_points": [22, 114], "extent": [20.93799058627573, 111.11079070210442, 25.070242613724268, 115.60004249789557]}, "0,2": {"request_points": [22, 115], "extent": [20.75210448627573, 113.1143331315199, 24.884356513724267, 117.5974334684801]}, "0,3": {"request_points": [22, 116], "extent": [20.75210448627573, 113.1143331315199, 24.884356513724267, 117.5974334684801]}, "0,4": {"request_points": [22, 117], "extent": [21.144561433624453, 114.41416493168943, 25.420543966375547, 119.06922386831057]}, "0,5": {"request_points": [22, 118], "extent": [21.532796186275732, 115.14559029127062, 25.66504821372427, 119.65495970872936]}, "0,6": {"request_points": [22, 119], "extent": [19.6875, 117.3125, 27.0875, 124.8125]}, "0,7": {"request_points": [22, 120], "extent": [19.6875, 117.3125, 27.0875, 124.8125]}, "0,8": {"request_points": [22, 121], "extent": [19.6875, 117.3125, 27.0875, 124.8125]}, "1,0": {"request_points": [23, 113], "extent": [20.93799058627573, 111.11079070210442, 25.070242613724268, 115.60004249789557]}, "1,1": {"request_points": [23, 114], "extent": [20.93799058627573, 111.11079070210442, 25.070242613724268, 115.60004249789557]}, "1,2": {"request_points": [23, 115], "extent": [20.75210448627573, 113.1143331315199, 24.884356513724267, 117.5974334684801]}, "1,3": {"request_points": [23, 116], "extent": [20.75210448627573, 113.1143331315199, 24.884356513724267, 117.5974334684801]}, "1,4": {"request_points": [23, 117], "extent": [21.21642668627573, 114.49240121633852, 25.34867871372427, 118.99098758366148]}, "1,5": {"request_points": [23, 118], "extent": [21.532796186275732, 115.14559029127062, 25.66504821372427, 119.65495970872936]}, "1,6": {"request_points": [23, 119], "extent": [21.532796186275732, 115.14559029127062, 25.66504821372427, 119.65495970872936]}, "1,7": {"request_points": [23, 120], "extent": [19.6875, 117.3125, 27.0875, 124.8125]}, "1,8": {"request_points": [23, 121], "extent": [19.6875, 117.3125, 27.0875, 124.8125]}, "2,0": {"request_points": [24, 113], "extent": [20.93799058627573, 111.11079070210442, 25.070242613724268, 115.60004249789557]}, "2,1": {"request_points": [24, 114], "extent": [21.63280168627573, 112.33816630182118, 25.765053713724267, 116.85098369817884]}, "2,2": {"request_points": [24, 115], "extent": [21.63280168627573, 112.33816630182118, 25.765053713724267, 116.85098369817884]}, "2,3": {"request_points": [24, 116], "extent": [21.21642668627573, 114.49240121633852, 25.34867871372427, 118.99098758366148]}, "2,4": {"request_points": [24, 117], "extent": [21.532796186275732, 115.14559029127062, 25.66504821372427, 119.65495970872936]}, "2,5": {"request_points": [24, 118], "extent": [22.41863778627573, 115.8097463696268, 26.550889813724268, 120.35032583037321]}, "2,6": {"request_points": [24, 119], "extent": [22.41863778627573, 115.8097463696268, 26.550889813724268, 120.35032583037321]}, "2,7": {"request_points": [24, 120], "extent": [22.82946008627573, 116.21976121997653, 26.961712113724268, 120.77533318002347]}, "2,8": {"request_points": [24, 121], "extent": [19.6875, 117.3125, 27.0875, 124.8125]}, "3,0": {"request_points": [25, 113], "extent": [22.653500333624454, 111.21120725404721, 26.929482866375547, 115.92127034595278]}, "3,1": {"request_points": [25, 114], "extent": [22.653500333624454, 111.21120725404721, 26.929482866375547, 115.92127034595278]}, "3,2": {"request_points": [25, 115], "extent": [21.63280168627573, 112.33816630182118, 25.765053713724267, 116.85098369817884]}, "3,3": {"request_points": [25, 116], "extent": [22.926625333624454, 114.82645871304929, 27.202607866375548, 119.54696888695072]}, "3,4": {"request_points": [25, 117], "extent": [22.998490586275732, 114.90579501849301, 27.13074261372427, 119.467632581507]}, "3,5": {"request_points": [25, 118], "extent": [22.82946008627573, 116.21976121997653, 26.961712113724268, 120.77533318002347]}, "3,6": {"request_points": [25, 119], "extent": [22.82946008627573, 116.21976121997653, 26.961712113724268, 120.77533318002347]}, "3,7": {"request_points": [25, 120], "extent": [23.92527948627573, 117.2419173304875, 28.057531513724268, 121.83913266951251]}, "3,8": {"request_points": [25, 121], "extent": [23.92527948627573, 117.2419173304875, 28.057531513724268, 121.83913266951251]}, "4,0": {"request_points": [26, 113], "extent": [24.86908508627573, 110.26544965507549, 29.00133711372427, 114.9005169449245]}, "4,1": {"request_points": [26, 114], "extent": [24.86908508627573, 110.26544965507549, 29.00133711372427, 114.9005169449245]}, "4,2": {"request_points": [26, 115], "extent": [24.52295445620711, 113.46208959720484, 27.235867743792888, 116.47739360279517]}, "4,3": {"request_points": [26, 116], "extent": [24.942357286275733, 114.76161028798438, 29.07460931372427, 119.39969511201562]}, "4,4": {"request_points": [26, 117], "extent": [22.998490586275732, 114.90579501849301, 27.13074261372427, 119.467632581507]}, "4,5": {"request_points": [26, 118], "extent": [22.998490586275732, 114.90579501849301, 27.13074261372427, 119.467632581507]}, "4,6": {"request_points": [26, 119], "extent": [23.92527948627573, 117.2419173304875, 28.057531513724268, 121.83913266951251]}, "4,7": {"request_points": [26, 120], "extent": [23.92527948627573, 117.2419173304875, 28.057531513724268, 121.83913266951251]}, "4,8": {"request_points": [26, 121], "extent": [24.88610728627573, 117.89990515957018, 29.018359313724268, 122.5356724404298]}, "5,0": {"request_points": [27, 113], "extent": [24.86908508627573, 110.26544965507549, 29.00133711372427, 114.9005169449245]}, "5,1": {"request_points": [27, 114], "extent": [24.86908508627573, 110.26544965507549, 29.00133711372427, 114.9005169449245]}, "5,2": {"request_points": [27, 115], "extent": [25.82763508627573, 113.92456271844087, 29.959887113724267, 118.60002608155914]}, "5,3": {"request_points": [27, 116], "extent": [25.82763508627573, 113.92456271844087, 29.959887113724267, 118.60002608155914]}, "5,4": {"request_points": [27, 117], "extent": [24.942357286275733, 114.76161028798438, 29.07460931372427, 119.39969511201562]}, "5,5": {"request_points": [27, 118], "extent": [24.942357286275733, 114.76161028798438, 29.07460931372427, 119.39969511201562]}, "5,6": {"request_points": [27, 119], "extent": [24.88610728627573, 117.89990515957018, 29.018359313724268, 122.5356724404298]}, "5,7": {"request_points": [27, 120], "extent": [24.88610728627573, 117.89990515957018, 29.018359313724268, 122.5356724404298]}, "5,8": {"request_points": [27, 121], "extent": [24.88610728627573, 117.89990515957018, 29.018359313724268, 122.5356724404298]}, "6,0": {"request_points": [28, 113], "extent": [26.393657286275733, 110.66471437427715, 30.52590931372427, 115.36498562572284]}, "6,1": {"request_points": [28, 114], "extent": [26.393657286275733, 110.66471437427715, 30.52590931372427, 115.36498562572284]}, "6,2": {"request_points": [28, 115], "extent": [26.52279898627573, 113.54843081101693, 30.655051013724268, 118.25446358898309]}, "6,3": {"request_points": [28, 116], "extent": [25.82763508627573, 113.92456271844087, 29.959887113724267, 118.60002608155914]}, "6,4": {"request_points": [28, 117], "extent": [25.82763508627573, 113.92456271844087, 29.959887113724267, 118.60002608155914]}, "6,5": {"request_points": [28, 118], "extent": [26.304872533624454, 115.54592622195182, 30.58085506637555, 120.40890697804818]}, "6,6": {"request_points": [28, 119], "extent": [26.478343386275732, 117.57540792749619, 30.61059541372427, 122.27945307250381]}, "6,7": {"request_points": [28, 120], "extent": [26.478343386275732, 117.57540792749619, 30.61059541372427, 122.27945307250381]}, "6,8": {"request_points": [28, 121], "extent": [26.551954486275733, 119.16864440648276, 30.68420651372427, 123.87598319351726]}, "7,0": {"request_points": [29, 113], "extent": [27.23338228627573, 110.73378345660036, 31.365634313724268, 115.47220534339964]},