{"0,0": {"request_points": [24.493241, 118.127747], "extent": [22.41863778627573, 115.8097463696268, 26.550889813724268, 120.35032583037321]}}